hit_publication_year,event_time,rows,observed_rows,missing_rows,missing_rate,mean_citations_zero_missing,mean_citations_observed_only
1990,-1,502,502,0,0.00000000,0.34462151,0.34462151
1990,-10,502,502,0,0.00000000,0.07370518,0.07370518
1990,-2,502,502,0,0.00000000,0.37051793,0.37051793
1990,-3,502,502,0,0.00000000,0.29282869,0.29282869
1990,-4,502,502,0,0.00000000,0.23705179,0.23705179
1990,-5,502,502,0,0.00000000,0.23505976,0.23505976
1990,-6,502,502,0,0.00000000,0.17529880,0.17529880
1990,-7,502,502,0,0.00000000,0.15139442,0.15139442
1990,-8,502,502,0,0.00000000,0.09960159,0.09960159
1990,-9,502,502,0,0.00000000,0.07370518,0.07370518
1990,0,502,502,0,0.00000000,0.58964143,0.58964143
1990,1,502,502,0,0.00000000,0.42828685,0.42828685
1990,10,502,502,0,0.00000000,0.50796813,0.50796813
1990,2,502,502,0,0.00000000,0.44223108,0.44223108
1990,3,502,502,0,0.00000000,0.48804781,0.48804781
1990,4,502,502,0,0.00000000,0.47011952,0.47011952
1990,5,502,502,0,0.00000000,0.42430279,0.42430279
1990,6,502,502,0,0.00000000,0.43027888,0.43027888
1990,7,502,502,0,0.00000000,0.40039841,0.40039841
1990,8,502,502,0,0.00000000,0.38645418,0.38645418
1990,9,502,502,0,0.00000000,0.30079681,0.30079681
1991,-1,525,525,0,0.00000000,0.34666667,0.34666667
1991,-10,525,525,0,0.00000000,0.07809524,0.07809524
1991,-2,525,525,0,0.00000000,0.31238095,0.31238095
1991,-3,525,525,0,0.00000000,0.21333333,0.21333333
1991,-4,525,525,0,0.00000000,0.19238095,0.19238095
1991,-5,525,525,0,0.00000000,0.16000000,0.16000000
1991,-6,525,525,0,0.00000000,0.16380952,0.16380952
1991,-7,525,525,0,0.00000000,0.12190476,0.12190476
1991,-8,525,525,0,0.00000000,0.12000000,0.12000000
1991,-9,525,525,0,0.00000000,0.12952381,0.12952381
1991,0,525,525,0,0.00000000,0.42476190,0.42476190
1991,1,525,525,0,0.00000000,0.50666667,0.50666667
1991,10,525,525,0,0.00000000,0.50476190,0.50476190
1991,2,525,525,0,0.00000000,0.47047619,0.47047619
1991,3,525,525,0,0.00000000,0.46857143,0.46857143
1991,4,525,525,0,0.00000000,0.39809524,0.39809524
1991,5,525,525,0,0.00000000,0.49523810,0.49523810
1991,6,525,525,0,0.00000000,0.36380952,0.36380952
1991,7,525,525,0,0.00000000,0.42666667,0.42666667
1991,8,525,525,0,0.00000000,0.38476190,0.38476190
1991,9,525,525,0,0.00000000,0.40380952,0.40380952
1992,-1,618,618,0,0.00000000,0.39482201,0.39482201
1992,-10,618,618,0,0.00000000,0.18932039,0.18932039
1992,-2,618,618,0,0.00000000,0.43042071,0.43042071
1992,-3,618,618,0,0.00000000,0.36084142,0.36084142
1992,-4,618,618,0,0.00000000,0.30097087,0.30097087
1992,-5,618,618,0,0.00000000,0.27669903,0.27669903
1992,-6,618,618,0,0.00000000,0.29126214,0.29126214
1992,-7,618,618,0,0.00000000,0.22168285,0.22168285
1992,-8,618,618,0,0.00000000,0.23139159,0.23139159
1992,-9,618,618,0,0.00000000,0.17961165,0.17961165
1992,0,618,618,0,0.00000000,0.49352751,0.49352751
1992,1,618,618,0,0.00000000,0.44498382,0.44498382
1992,10,618,618,0,0.00000000,0.49676375,0.49676375
1992,2,618,618,0,0.00000000,0.39320388,0.39320388
1992,3,618,618,0,0.00000000,0.40129450,0.40129450
1992,4,618,618,0,0.00000000,0.43042071,0.43042071
1992,5,618,618,0,0.00000000,0.39158576,0.39158576
1992,6,618,618,0,0.00000000,0.39158576,0.39158576
1992,7,618,618,0,0.00000000,0.44498382,0.44498382
1992,8,618,618,0,0.00000000,0.47087379,0.47087379
1992,9,618,618,0,0.00000000,0.52427184,0.52427184
1993,-1,754,754,0,0.00000000,0.37002653,0.37002653
1993,-10,754,754,0,0.00000000,0.11140584,0.11140584
1993,-2,754,754,0,0.00000000,0.28381963,0.28381963
1993,-3,754,754,0,0.00000000,0.33952255,0.33952255
1993,-4,754,754,0,0.00000000,0.26392573,0.26392573
1993,-5,754,754,0,0.00000000,0.21220159,0.21220159
1993,-6,754,754,0,0.00000000,0.16180371,0.16180371
1993,-7,754,754,0,0.00000000,0.13660477,0.13660477
1993,-8,754,754,0,0.00000000,0.13660477,0.13660477
1993,-9,754,754,0,0.00000000,0.10610080,0.10610080
1993,0,754,754,0,0.00000000,0.35278515,0.35278515
1993,1,754,754,0,0.00000000,0.36074271,0.36074271
1993,10,754,754,0,0.00000000,0.48938992,0.48938992
1993,2,754,754,0,0.00000000,0.45225464,0.45225464
1993,3,754,754,0,0.00000000,0.44297082,0.44297082
1993,4,754,754,0,0.00000000,0.32360743,0.32360743
1993,5,754,754,0,0.00000000,0.39389920,0.39389920
1993,6,754,754,0,0.00000000,0.37400531,0.37400531
1993,7,754,754,0,0.00000000,0.45225464,0.45225464
1993,8,754,754,0,0.00000000,0.50397878,0.50397878
1993,9,754,754,0,0.00000000,0.41511936,0.41511936
1994,-1,615,615,0,0.00000000,0.49593496,0.49593496
1994,-10,615,615,0,0.00000000,0.17073171,0.17073171
1994,-2,615,615,0,0.00000000,0.37560976,0.37560976
1994,-3,615,615,0,0.00000000,0.37723577,0.37723577
1994,-4,615,615,0,0.00000000,0.38373984,0.38373984
1994,-5,615,615,0,0.00000000,0.28292683,0.28292683
1994,-6,615,615,0,0.00000000,0.25528455,0.25528455
1994,-7,615,615,0,0.00000000,0.23089431,0.23089431
1994,-8,615,615,0,0.00000000,0.22113821,0.22113821
1994,-9,615,615,0,0.00000000,0.21626016,0.21626016
1994,0,615,615,0,0.00000000,0.49918699,0.49918699
1994,1,615,615,0,0.00000000,0.63577236,0.63577236
1994,10,615,615,0,0.00000000,1.13495935,1.13495935
1994,2,615,615,0,0.00000000,0.55121951,0.55121951
1994,3,615,615,0,0.00000000,0.50081301,0.50081301
1994,4,615,615,0,0.00000000,0.60325203,0.60325203
1994,5,615,615,0,0.00000000,0.59674797,0.59674797
1994,6,615,615,0,0.00000000,0.60813008,0.60813008
1994,7,615,615,0,0.00000000,0.86341463,0.86341463
1994,8,615,615,0,0.00000000,0.78861789,0.78861789
1994,9,615,615,0,0.00000000,1.01626016,1.01626016
1995,-1,893,893,0,0.00000000,0.47928331,0.47928331
1995,-10,893,893,0,0.00000000,0.15117581,0.15117581
1995,-2,893,893,0,0.00000000,0.32922732,0.32922732
1995,-3,893,893,0,0.00000000,0.33706607,0.33706607
1995,-4,893,893,0,0.00000000,0.24188130,0.24188130
1995,-5,893,893,0,0.00000000,0.26315789,0.26315789
1995,-6,893,893,0,0.00000000,0.19596865,0.19596865
1995,-7,893,893,0,0.00000000,0.19148936,0.19148936
1995,-8,893,893,0,0.00000000,0.13885778,0.13885778
1995,-9,893,893,0,0.00000000,0.15005599,0.15005599
1995,0,893,893,0,0.00000000,0.51847704,0.51847704
1995,1,893,893,0,0.00000000,0.52631579,0.52631579
1995,10,893,893,0,0.00000000,0.68421053,0.68421053
1995,2,893,893,0,0.00000000,0.46472564,0.46472564
1995,3,893,893,0,0.00000000,0.47368421,0.47368421
1995,4,893,893,0,0.00000000,0.44680851,0.44680851
1995,5,893,893,0,0.00000000,0.54871221,0.54871221
1995,6,893,893,0,0.00000000,0.54087346,0.54087346
1995,7,893,893,0,0.00000000,0.51735722,0.51735722
1995,8,893,893,0,0.00000000,0.60358343,0.60358343
1995,9,893,893,0,0.00000000,0.65733483,0.65733483
1996,-1,1032,1032,0,0.00000000,0.37015504,0.37015504
1996,-10,1032,1032,0,0.00000000,0.10658915,0.10658915
1996,-2,1032,1032,0,0.00000000,0.40406977,0.40406977
1996,-3,1032,1032,0,0.00000000,0.36724806,0.36724806
1996,-4,1032,1032,0,0.00000000,0.30620155,0.30620155
1996,-5,1032,1032,0,0.00000000,0.24224806,0.24224806
1996,-6,1032,1032,0,0.00000000,0.22577519,0.22577519
1996,-7,1032,1032,0,0.00000000,0.17635659,0.17635659
1996,-8,1032,1032,0,0.00000000,0.18410853,0.18410853
1996,-9,1032,1032,0,0.00000000,0.13081395,0.13081395
1996,0,1032,1032,0,0.00000000,0.43313953,0.43313953
1996,1,1032,1032,0,0.00000000,0.36627907,0.36627907
1996,10,1032,1032,0,0.00000000,0.52228682,0.52228682
1996,2,1032,1032,0,0.00000000,0.44282946,0.44282946
1996,3,1032,1032,0,0.00000000,0.41085271,0.41085271
1996,4,1032,1032,0,0.00000000,0.55813953,0.55813953
1996,5,1032,1032,0,0.00000000,0.46027132,0.46027132
1996,6,1032,1032,0,0.00000000,0.46608527,0.46608527
1996,7,1032,1032,0,0.00000000,0.52906977,0.52906977
1996,8,1032,1032,0,0.00000000,0.52422481,0.52422481
1996,9,1032,1032,0,0.00000000,0.48934109,0.48934109
1997,-1,795,795,0,0.00000000,0.37484277,0.37484277
1997,-10,795,795,0,0.00000000,0.14465409,0.14465409
1997,-2,795,795,0,0.00000000,0.32075472,0.32075472
1997,-3,795,795,0,0.00000000,0.28805031,0.28805031
1997,-4,795,795,0,0.00000000,0.25786164,0.25786164
1997,-5,795,795,0,0.00000000,0.25283019,0.25283019
1997,-6,795,795,0,0.00000000,0.21635220,0.21635220
1997,-7,795,795,0,0.00000000,0.19874214,0.19874214
1997,-8,795,795,0,0.00000000,0.19119497,0.19119497
1997,-9,795,795,0,0.00000000,0.16981132,0.16981132
1997,0,795,795,0,0.00000000,0.32704403,0.32704403
1997,1,795,795,0,0.00000000,0.42893082,0.42893082
1997,10,795,795,0,0.00000000,0.52830189,0.52830189
1997,2,795,795,0,0.00000000,0.49559748,0.49559748
1997,3,795,795,0,0.00000000,0.49056604,0.49056604
1997,4,795,795,0,0.00000000,0.49308176,0.49308176
1997,5,795,795,0,0.00000000,0.49937107,0.49937107
1997,6,795,795,0,0.00000000,0.60125786,0.60125786
1997,7,795,795,0,0.00000000,0.57735849,0.57735849
1997,8,795,795,0,0.00000000,0.60754717,0.60754717
1997,9,795,795,0,0.00000000,0.56603774,0.56603774
1998,-1,1051,1051,0,0.00000000,0.34538535,0.34538535
1998,-10,1051,1051,0,0.00000000,0.09895338,0.09895338
1998,-2,1051,1051,0,0.00000000,0.28734539,0.28734539
1998,-3,1051,1051,0,0.00000000,0.23786870,0.23786870
1998,-4,1051,1051,0,0.00000000,0.21883920,0.21883920
1998,-5,1051,1051,0,0.00000000,0.21313035,0.21313035
1998,-6,1051,1051,0,0.00000000,0.17316841,0.17316841
1998,-7,1051,1051,0,0.00000000,0.13701237,0.13701237
1998,-8,1051,1051,0,0.00000000,0.12274025,0.12274025
1998,-9,1051,1051,0,0.00000000,0.14557564,0.14557564
1998,0,1051,1051,0,0.00000000,0.44624167,0.44624167
1998,1,1051,1051,0,0.00000000,0.38344434,0.38344434
1998,10,1051,1051,0,0.00000000,0.43577545,0.43577545
1998,2,1051,1051,0,0.00000000,0.45670790,0.45670790
1998,3,1051,1051,0,0.00000000,0.41294006,0.41294006
1998,4,1051,1051,0,0.00000000,0.44243578,0.44243578
1998,5,1051,1051,0,0.00000000,0.51379638,0.51379638
1998,6,1051,1051,0,0.00000000,0.46051380,0.46051380
1998,7,1051,1051,0,0.00000000,0.41769743,0.41769743
1998,8,1051,1051,0,0.00000000,0.33967650,0.33967650
1998,9,1051,1051,0,0.00000000,0.36536632,0.36536632
1999,-1,1181,1181,0,0.00000000,0.40304826,0.40304826
1999,-10,1181,1181,0,0.00000000,0.13886537,0.13886537
1999,-2,1181,1181,0,0.00000000,0.30228620,0.30228620
1999,-3,1181,1181,0,0.00000000,0.25825572,0.25825572
1999,-4,1181,1181,0,0.00000000,0.25402202,0.25402202
1999,-5,1181,1181,0,0.00000000,0.21845893,0.21845893
1999,-6,1181,1181,0,0.00000000,0.23285351,0.23285351
1999,-7,1181,1181,0,0.00000000,0.20491109,0.20491109
1999,-8,1181,1181,0,0.00000000,0.16172735,0.16172735
1999,-9,1181,1181,0,0.00000000,0.14394581,0.14394581
1999,0,1181,1181,0,0.00000000,0.42167655,0.42167655
1999,1,1181,1181,0,0.00000000,0.54022015,0.54022015
1999,10,1181,1181,0,0.00000000,0.55884843,0.55884843
1999,2,1181,1181,0,0.00000000,0.57662997,0.57662997
1999,3,1181,1181,0,0.00000000,0.59610500,0.59610500
1999,4,1181,1181,0,0.00000000,0.66384420,0.66384420
1999,5,1181,1181,0,0.00000000,0.59779848,0.59779848
1999,6,1181,1181,0,0.00000000,0.56900931,0.56900931
1999,7,1181,1181,0,0.00000000,0.55292125,0.55292125
1999,8,1181,1181,0,0.00000000,0.47417443,0.47417443
1999,9,1181,1181,0,0.00000000,0.51820491,0.51820491
2000,-1,1522,1522,0,0.00000000,0.45597898,0.45597898
2000,-10,1522,1522,0,0.00000000,0.10643890,0.10643890
2000,-2,1522,1522,0,0.00000000,0.34756899,0.34756899
2000,-3,1522,1522,0,0.00000000,0.30026281,0.30026281
2000,-4,1522,1522,0,0.00000000,0.22930355,0.22930355
2000,-5,1522,1522,0,0.00000000,0.19382392,0.19382392
2000,-6,1522,1522,0,0.00000000,0.21550591,0.21550591
2000,-7,1522,1522,0,0.00000000,0.14454665,0.14454665
2000,-8,1522,1522,0,0.00000000,0.18199737,0.18199737
2000,-9,1522,1522,0,0.00000000,0.10775296,0.10775296
2000,0,1522,1522,0,0.00000000,0.49802891,0.49802891
2000,1,1522,1522,0,0.00000000,0.54402102,0.54402102
2000,10,1522,1522,0,0.00000000,0.55716163,0.55716163
2000,2,1522,1522,0,0.00000000,0.54204993,0.54204993
2000,3,1522,1522,0,0.00000000,0.60972405,0.60972405
2000,4,1522,1522,0,0.00000000,0.54533509,0.54533509
2000,5,1522,1522,0,0.00000000,0.60052562,0.60052562
2000,6,1522,1522,0,0.00000000,0.55124836,0.55124836
2000,7,1522,1522,0,0.00000000,0.52431012,0.52431012
2000,8,1522,1522,0,0.00000000,0.53942181,0.53942181
2000,9,1522,1522,0,0.00000000,0.52562418,0.52562418
2001,-1,1311,1311,0,0.00000000,0.46987033,0.46987033
2001,-10,1311,1311,0,0.00000000,0.09077040,0.09077040
2001,-2,1311,1311,0,0.00000000,0.36994661,0.36994661
2001,-3,1311,1311,0,0.00000000,0.31350114,0.31350114
2001,-4,1311,1311,0,0.00000000,0.26697178,0.26697178
2001,-5,1311,1311,0,0.00000000,0.23417239,0.23417239
2001,-6,1311,1311,0,0.00000000,0.18230359,0.18230359
2001,-7,1311,1311,0,0.00000000,0.15865751,0.15865751
2001,-8,1311,1311,0,0.00000000,0.15026697,0.15026697
2001,-9,1311,1311,0,0.00000000,0.09458429,0.09458429
2001,0,1311,1311,0,0.00000000,0.53928299,0.53928299
2001,1,1311,1311,0,0.00000000,0.65369947,0.65369947
2001,10,1311,1311,0,0.00000000,0.62318841,0.62318841
2001,2,1311,1311,0,0.00000000,0.67581998,0.67581998
2001,3,1311,1311,0,0.00000000,0.63386728,0.63386728
2001,4,1311,1311,0,0.00000000,0.60030511,0.60030511
2001,5,1311,1311,0,0.00000000,0.58047292,0.58047292
2001,6,1311,1311,0,0.00000000,0.54691076,0.54691076
2001,7,1311,1311,0,0.00000000,0.59725400,0.59725400
2001,8,1311,1311,0,0.00000000,0.61022121,0.61022121
2001,9,1311,1311,0,0.00000000,0.60793288,0.60793288
2002,-1,1581,1581,0,0.00000000,0.69449715,0.69449715
2002,-10,1581,1581,0,0.00000000,0.07906388,0.07906388
2002,-2,1581,1581,0,0.00000000,0.49399114,0.49399114
2002,-3,1581,1581,0,0.00000000,0.37381404,0.37381404
2002,-4,1581,1581,0,0.00000000,0.28842505,0.28842505
2002,-5,1581,1581,0,0.00000000,0.23086654,0.23086654
2002,-6,1581,1581,0,0.00000000,0.18595825,0.18595825
2002,-7,1581,1581,0,0.00000000,0.14927261,0.14927261
2002,-8,1581,1581,0,0.00000000,0.11385199,0.11385199
2002,-9,1581,1581,0,0.00000000,0.09867173,0.09867173
2002,0,1581,1581,0,0.00000000,0.80898166,0.80898166
2002,1,1581,1581,0,0.00000000,0.95129665,0.95129665
2002,10,1581,1581,0,0.00000000,0.89563567,0.89563567
2002,2,1581,1581,0,0.00000000,0.89879823,0.89879823
2002,3,1581,1581,0,0.00000000,0.91587603,0.91587603
2002,4,1581,1581,0,0.00000000,0.87286528,0.87286528
2002,5,1581,1581,0,0.00000000,0.88361796,0.88361796
2002,6,1581,1581,0,0.00000000,0.94307400,0.94307400
2002,7,1581,1581,0,0.00000000,0.94244149,0.94244149
2002,8,1581,1581,0,0.00000000,0.95951929,0.95951929
2002,9,1581,1581,0,0.00000000,0.92979127,0.92979127
2003,-1,1729,1729,0,0.00000000,0.80740312,0.80740312
2003,-10,1729,1729,0,0.00000000,0.20879121,0.20879121
2003,-2,1729,1729,0,0.00000000,0.86119144,0.86119144
2003,-3,1729,1729,0,0.00000000,0.60844419,0.60844419
2003,-4,1729,1729,0,0.00000000,0.57663389,0.57663389
2003,-5,1729,1729,0,0.00000000,0.45170619,0.45170619
2003,-6,1729,1729,0,0.00000000,0.36321573,0.36321573
2003,-7,1729,1729,0,0.00000000,0.34933488,0.34933488
2003,-8,1729,1729,0,0.00000000,0.29670330,0.29670330
2003,-9,1729,1729,0,0.00000000,0.27356854,0.27356854
2003,0,1729,1729,0,0.00000000,0.91844997,0.91844997
2003,1,1729,1729,0,0.00000000,0.93695778,0.93695778
2003,10,1729,1729,0,0.00000000,0.73568537,0.73568537
2003,2,1729,1729,0,0.00000000,0.88779641,0.88779641
2003,3,1729,1729,0,0.00000000,0.77501446,0.77501446
2003,4,1729,1729,0,0.00000000,0.93233083,0.93233083
2003,5,1729,1729,0,0.00000000,0.84326200,0.84326200
2003,6,1729,1729,0,0.00000000,0.78195489,0.78195489
2003,7,1729,1729,0,0.00000000,0.82417582,0.82417582
2003,8,1729,1729,0,0.00000000,0.81434355,0.81434355
2003,9,1729,1729,0,0.00000000,0.77906304,0.77906304
2004,-1,1553,1553,0,0.00000000,0.68512556,0.68512556
2004,-10,1553,1553,0,0.00000000,0.09143593,0.09143593
2004,-2,1553,1553,0,0.00000000,0.47263361,0.47263361
2004,-3,1553,1553,0,0.00000000,0.35157759,0.35157759
2004,-4,1553,1553,0,0.00000000,0.25177077,0.25177077
2004,-5,1553,1553,0,0.00000000,0.17965229,0.17965229
2004,-6,1553,1553,0,0.00000000,0.16613007,0.16613007
2004,-7,1553,1553,0,0.00000000,0.13329041,0.13329041
2004,-8,1553,1553,0,0.00000000,0.11332904,0.11332904
2004,-9,1553,1553,0,0.00000000,0.10238249,0.10238249
2004,0,1553,1553,0,0.00000000,0.63232453,0.63232453
2004,1,1553,1553,0,0.00000000,0.71023825,0.71023825
2004,10,1553,1553,0,0.00000000,0.72440438,0.72440438
2004,2,1553,1553,0,0.00000000,0.68898905,0.68898905
2004,3,1553,1553,0,0.00000000,0.68641339,0.68641339
2004,4,1553,1553,0,0.00000000,0.67417901,0.67417901
2004,5,1553,1553,0,0.00000000,0.73470702,0.73470702
2004,6,1553,1553,0,0.00000000,0.69800386,0.69800386
2004,7,1553,1553,0,0.00000000,0.75338055,0.75338055
2004,8,1553,1553,0,0.00000000,0.77334192,0.77334192
2004,9,1553,1553,0,0.00000000,0.76046362,0.76046362
2005,-1,1544,1544,0,0.00000000,0.62888601,0.62888601
2005,-10,1544,1544,0,0.00000000,0.07059585,0.07059585
2005,-2,1544,1544,0,0.00000000,0.51036269,0.51036269
2005,-3,1544,1544,0,0.00000000,0.35427461,0.35427461
2005,-4,1544,1544,0,0.00000000,0.33419689,0.33419689
2005,-5,1544,1544,0,0.00000000,0.25647668,0.25647668
2005,-6,1544,1544,0,0.00000000,0.22409326,0.22409326
2005,-7,1544,1544,0,0.00000000,0.15479275,0.15479275
2005,-8,1544,1544,0,0.00000000,0.12888601,0.12888601
2005,-9,1544,1544,0,0.00000000,0.09779793,0.09779793
2005,0,1544,1544,0,0.00000000,0.70790155,0.70790155
2005,1,1544,1544,0,0.00000000,0.73769430,0.73769430
2005,10,1544,1544,0,0.00000000,0.65479275,0.65479275
2005,2,1544,1544,0,0.00000000,0.68911917,0.68911917
2005,3,1544,1544,0,0.00000000,0.72085492,0.72085492
2005,4,1544,1544,0,0.00000000,0.72992228,0.72992228
2005,5,1544,1544,0,0.00000000,0.68588083,0.68588083
2005,6,1544,1544,0,0.00000000,0.71955959,0.71955959
2005,7,1544,1544,0,0.00000000,0.70077720,0.70077720
2005,8,1544,1544,0,0.00000000,0.68782383,0.68782383
2005,9,1544,1544,0,0.00000000,0.66062176,0.66062176
2006,-1,1942,1942,0,0.00000000,0.57672503,0.57672503
2006,-10,1942,1942,0,0.00000000,0.07260556,0.07260556
2006,-2,1942,1942,0,0.00000000,0.43460350,0.43460350
2006,-3,1942,1942,0,0.00000000,0.35736354,0.35736354
2006,-4,1942,1942,0,0.00000000,0.22245108,0.22245108
2006,-5,1942,1942,0,0.00000000,0.17198764,0.17198764
2006,-6,1942,1942,0,0.00000000,0.15087539,0.15087539
2006,-7,1942,1942,0,0.00000000,0.12255407,0.12255407
2006,-8,1942,1942,0,0.00000000,0.08341916,0.08341916
2006,-9,1942,1942,0,0.00000000,0.06539650,0.06539650
2006,0,1942,1942,0,0.00000000,0.59577755,0.59577755
2006,1,1942,1942,0,0.00000000,0.61483007,0.61483007
2006,10,1942,1942,0,0.00000000,0.52832132,0.52832132
2006,2,1942,1942,0,0.00000000,0.59114315,0.59114315
2006,3,1942,1942,0,0.00000000,0.69001030,0.69001030
2006,4,1942,1942,0,0.00000000,0.64675592,0.64675592
2006,5,1942,1942,0,0.00000000,0.68331617,0.68331617
2006,6,1942,1942,0,0.00000000,0.68486097,0.68486097
2006,7,1942,1942,0,0.00000000,0.71936148,0.71936148
2006,8,1942,1942,0,0.00000000,0.68486097,0.68486097
2006,9,1942,1942,0,0.00000000,0.64160659,0.64160659
2007,-1,1897,1897,0,0.00000000,0.78017923,0.78017923
2007,-10,1897,1897,0,0.00000000,0.07854507,0.07854507
2007,-2,1897,1897,0,0.00000000,0.54559831,0.54559831
2007,-3,1897,1897,0,0.00000000,0.39799684,0.39799684
2007,-4,1897,1897,0,0.00000000,0.36320506,0.36320506
2007,-5,1897,1897,0,0.00000000,0.20664207,0.20664207
2007,-6,1897,1897,0,0.00000000,0.18608329,0.18608329
2007,-7,1897,1897,0,0.00000000,0.16341592,0.16341592
2007,-8,1897,1897,0,0.00000000,0.13600422,0.13600422
2007,-9,1897,1897,0,0.00000000,0.10384818,0.10384818
2007,0,1897,1897,0,0.00000000,0.82973115,0.82973115
2007,1,1897,1897,0,0.00000000,0.82920401,0.82920401
2007,10,1897,1897,0,0.00000000,0.54454402,0.54454402
2007,2,1897,1897,0,0.00000000,0.85028993,0.85028993
2007,3,1897,1897,0,0.00000000,0.80653664,0.80653664
2007,4,1897,1897,0,0.00000000,0.76383764,0.76383764
2007,5,1897,1897,0,0.00000000,0.76489193,0.76489193
2007,6,1897,1897,0,0.00000000,0.73326305,0.73326305
2007,7,1897,1897,0,0.00000000,0.71164997,0.71164997
2007,8,1897,1897,0,0.00000000,0.60727464,0.60727464
2007,9,1897,1897,0,0.00000000,0.56615709,0.56615709
2008,-1,1960,1960,0,0.00000000,0.78061224,0.78061224
2008,-10,1960,1960,0,0.00000000,0.12653061,0.12653061
2008,-2,1960,1960,0,0.00000000,0.61173469,0.61173469
2008,-3,1960,1960,0,0.00000000,0.45306122,0.45306122
2008,-4,1960,1960,0,0.00000000,0.34540816,0.34540816
2008,-5,1960,1960,0,0.00000000,0.28163265,0.28163265
2008,-6,1960,1960,0,0.00000000,0.19897959,0.19897959
2008,-7,1960,1960,0,0.00000000,0.18010204,0.18010204
2008,-8,1960,1960,0,0.00000000,0.16632653,0.16632653
2008,-9,1960,1960,0,0.00000000,0.13367347,0.13367347
2008,0,1960,1960,0,0.00000000,0.79642857,0.79642857
2008,1,1960,1960,0,0.00000000,0.81581633,0.81581633
2008,10,1960,1960,0,0.00000000,0.47500000,0.47500000
2008,2,1960,1960,0,0.00000000,0.82142857,0.82142857
2008,3,1960,1960,0,0.00000000,0.81479592,0.81479592
2008,4,1960,1960,0,0.00000000,0.78112245,0.78112245
2008,5,1960,1960,0,0.00000000,0.75306122,0.75306122
2008,6,1960,1960,0,0.00000000,0.76530612,0.76530612
2008,7,1960,1960,0,0.00000000,0.62704082,0.62704082
2008,8,1960,1960,0,0.00000000,0.61683673,0.61683673
2008,9,1960,1960,0,0.00000000,0.52244898,0.52244898
2009,-1,2165,2165,0,0.00000000,0.77644342,0.77644342
2009,-10,2165,2165,0,0.00000000,0.12101617,0.12101617
2009,-2,2165,2165,0,0.00000000,0.65496536,0.65496536
2009,-3,2165,2165,0,0.00000000,0.50854503,0.50854503
2009,-4,2165,2165,0,0.00000000,0.40415704,0.40415704
2009,-5,2165,2165,0,0.00000000,0.28775982,0.28775982
2009,-6,2165,2165,0,0.00000000,0.31362587,0.31362587
2009,-7,2165,2165,0,0.00000000,0.25080831,0.25080831
2009,-8,2165,2165,0,0.00000000,0.17736721,0.17736721
2009,-9,2165,2165,0,0.00000000,0.19122402,0.19122402
2009,0,2165,2165,0,0.00000000,0.96905312,0.96905312
2009,1,2165,2165,0,0.00000000,0.90715935,0.90715935
2009,10,2165,2165,0,0.00000000,0.65819861,0.65819861
2009,2,2165,2165,0,0.00000000,1.01616628,1.01616628
2009,3,2165,2165,0,0.00000000,1.00369515,1.00369515
2009,4,2165,2165,0,0.00000000,0.96212471,0.96212471
2009,5,2165,2165,0,0.00000000,0.94180139,0.94180139
2009,6,2165,2165,0,0.00000000,0.85080831,0.85080831
2009,7,2165,2165,0,0.00000000,0.75981524,0.75981524
2009,8,2165,2165,0,0.00000000,0.66651270,0.66651270
2009,9,2165,2165,0,0.00000000,0.61986143,0.61986143
2010,-1,2829,2829,0,0.00000000,0.72074938,0.72074938
2010,-10,2829,2829,0,0.00000000,0.11028632,0.11028632
2010,-2,2829,2829,0,0.00000000,0.54754330,0.54754330
2010,-3,2829,2829,0,0.00000000,0.47543302,0.47543302
2010,-4,2829,2829,0,0.00000000,0.36938848,0.36938848
2010,-5,2829,2829,0,0.00000000,0.29374337,0.29374337
2010,-6,2829,2829,0,0.00000000,0.22728879,0.22728879
2010,-7,2829,2829,0,0.00000000,0.21633086,0.21633086
2010,-8,2829,2829,0,0.00000000,0.15588547,0.15588547
2010,-9,2829,2829,0,0.00000000,0.12301166,0.12301166
2010,0,2829,2829,0,0.00000000,0.77518558,0.77518558
2010,1,2829,2829,0,0.00000000,0.88547190,0.88547190
2010,10,2829,2829,0,0.00000000,0.55213856,0.55213856
2010,2,2829,2829,0,0.00000000,0.86850477,0.86850477
2010,3,2829,2829,0,0.00000000,0.88229056,0.88229056
2010,4,2829,2829,0,0.00000000,0.82325910,0.82325910
2010,5,2829,2829,0,0.00000000,0.73135384,0.73135384
2010,6,2829,2829,0,0.00000000,0.64404383,0.64404383
2010,7,2829,2829,0,0.00000000,0.57264051,0.57264051
2010,8,2829,2829,0,0.00000000,0.55213856,0.55213856
2010,9,2829,2829,0,0.00000000,0.54224107,0.54224107
2011,-1,2955,2955,0,0.00000000,0.73096447,0.73096447
2011,-10,2955,2955,0,0.00000000,0.15769882,0.15769882
2011,-2,2955,2955,0,0.00000000,0.58037225,0.58037225
2011,-3,2955,2955,0,0.00000000,0.51201354,0.51201354
2011,-4,2955,2955,0,0.00000000,0.38646362,0.38646362
2011,-5,2955,2955,0,0.00000000,0.35126904,0.35126904
2011,-6,2955,2955,0,0.00000000,0.27546531,0.27546531
2011,-7,2955,2955,0,0.00000000,0.23417936,0.23417936
2011,-8,2955,2955,0,0.00000000,0.19864636,0.19864636
2011,-9,2955,2955,0,0.00000000,0.15871404,0.15871404
2011,0,2955,2955,0,0.00000000,0.91336717,0.91336717
2011,1,2955,2955,0,0.00000000,0.90896785,0.90896785
2011,10,2955,2955,0,0.00000000,0.75160745,0.75160745
2011,2,2955,2955,0,0.00000000,0.95803723,0.95803723
2011,3,2955,2955,0,0.00000000,0.91336717,0.91336717
2011,4,2955,2955,0,0.00000000,0.81184433,0.81184433
2011,5,2955,2955,0,0.00000000,0.75228426,0.75228426
2011,6,2955,2955,0,0.00000000,0.70186125,0.70186125
2011,7,2955,2955,0,0.00000000,0.64399323,0.64399323
2011,8,2955,2955,0,0.00000000,0.70930626,0.70930626
2011,9,2955,2955,0,0.00000000,0.75059222,0.75059222
2012,-1,3038,3038,0,0.00000000,0.68663594,0.68663594
2012,-10,3038,3038,0,0.00000000,0.07373272,0.07373272
2012,-2,3038,3038,0,0.00000000,0.47860434,0.47860434
2012,-3,3038,3038,0,0.00000000,0.36273864,0.36273864
2012,-4,3038,3038,0,0.00000000,0.29295589,0.29295589
2012,-5,3038,3038,0,0.00000000,0.25576037,0.25576037
2012,-6,3038,3038,0,0.00000000,0.19486504,0.19486504
2012,-7,3038,3038,0,0.00000000,0.15997367,0.15997367
2012,-8,3038,3038,0,0.00000000,0.13100724,0.13100724
2012,-9,3038,3038,0,0.00000000,0.11257406,0.11257406
2012,0,3038,3038,0,0.00000000,0.73798552,0.73798552
2012,1,3038,3038,0,0.00000000,0.72745227,0.72745227
2012,10,3038,3038,0,0.00000000,0.43153390,0.43153390
2012,2,3038,3038,0,0.00000000,0.71757735,0.71757735
2012,3,3038,3038,0,0.00000000,0.64483213,0.64483213
2012,4,3038,3038,0,0.00000000,0.55562870,0.55562870
2012,5,3038,3038,0,0.00000000,0.53884134,0.53884134
2012,6,3038,3038,0,0.00000000,0.45227123,0.45227123
2012,7,3038,3038,0,0.00000000,0.47333772,0.47333772
2012,8,3038,3038,0,0.00000000,0.48123766,0.48123766
2012,9,3038,3038,0,0.00000000,0.47893351,0.47893351
2013,-1,3297,3297,0,0.00000000,0.77888990,0.77888990
2013,-10,3297,3297,0,0.00000000,0.12253564,0.12253564
2013,-2,3297,3297,0,0.00000000,0.55141037,0.55141037
2013,-3,3297,3297,0,0.00000000,0.42068547,0.42068547
2013,-4,3297,3297,0,0.00000000,0.31907795,0.31907795
2013,-5,3297,3297,0,0.00000000,0.28450106,0.28450106
2013,-6,3297,3297,0,0.00000000,0.22505308,0.22505308
2013,-7,3297,3297,0,0.00000000,0.20473157,0.20473157
2013,-8,3297,3297,0,0.00000000,0.16985138,0.16985138
2013,-9,3297,3297,0,0.00000000,0.14194722,0.14194722
2013,0,3297,3297,0,0.00000000,0.80345769,0.80345769
2013,1,3297,3297,0,0.00000000,0.79011222,0.79011222
2013,10,3297,3297,0,0.00000000,0.50682439,0.50682439
2013,2,3297,3297,0,0.00000000,0.76069154,0.76069154
2013,3,3297,3297,0,0.00000000,0.64907492,0.64907492
2013,4,3297,3297,0,0.00000000,0.59053685,0.59053685
2013,5,3297,3297,0,0.00000000,0.56384592,0.56384592
2013,6,3297,3297,0,0.00000000,0.61358811,0.61358811
2013,7,3297,3297,0,0.00000000,0.66666667,0.66666667
2013,8,3297,3297,0,0.00000000,0.72702457,0.72702457
2013,9,3297,3297,0,0.00000000,0.62117076,0.62117076
2014,-1,3047,3047,0,0.00000000,1.06137184,1.06137184
2014,-10,3047,3047,0,0.00000000,0.15589104,0.15589104
2014,-2,3047,3047,0,0.00000000,0.86806695,0.86806695
2014,-3,3047,3047,0,0.00000000,0.72989826,0.72989826
2014,-4,3047,3047,0,0.00000000,0.63176895,0.63176895
2014,-5,3047,3047,0,0.00000000,0.50869708,0.50869708
2014,-6,3047,3047,0,0.00000000,0.36297998,0.36297998
2014,-7,3047,3047,0,0.00000000,0.32819166,0.32819166
2014,-8,3047,3047,0,0.00000000,0.25664588,0.25664588
2014,-9,3047,3047,0,0.00000000,0.20085330,0.20085330
2014,0,3047,3047,0,0.00000000,1.21299639,1.21299639
2014,1,3047,3047,0,0.00000000,1.10961602,1.10961602
2014,10,3047,3047,0,0.00000000,0.60682639,0.60682639
2014,2,3047,3047,0,0.00000000,0.99803085,0.99803085
2014,3,3047,3047,0,0.00000000,0.90941910,0.90941910
2014,4,3047,3047,0,0.00000000,0.89629143,0.89629143
2014,5,3047,3047,0,0.00000000,0.88382015,0.88382015
2014,6,3047,3047,0,0.00000000,0.84082704,0.84082704
2014,7,3047,3047,0,0.00000000,0.93239252,0.93239252
2014,8,3047,3047,0,0.00000000,0.66819823,0.66819823
2014,9,3047,3047,0,0.00000000,0.74171316,0.74171316
2015,-1,3893,3893,0,0.00000000,0.84716157,0.84716157
2015,-10,3893,3893,0,0.00000000,0.11353712,0.11353712
2015,-2,3893,3893,0,0.00000000,0.67248908,0.67248908
2015,-3,3893,3893,0,0.00000000,0.51990753,0.51990753
2015,-4,3893,3893,0,0.00000000,0.41125096,0.41125096
2015,-5,3893,3893,0,0.00000000,0.33264834,0.33264834
2015,-6,3893,3893,0,0.00000000,0.25635756,0.25635756
2015,-7,3893,3893,0,0.00000000,0.21551503,0.21551503
2015,-8,3893,3893,0,0.00000000,0.17980992,0.17980992
2015,-9,3893,3893,0,0.00000000,0.12817878,0.12817878
2015,0,3893,3893,0,0.00000000,0.89365528,0.89365528
2015,1,3893,3893,0,0.00000000,0.79193424,0.79193424
2015,10,3893,3893,0,0.00000000,0.38119702,0.38119702
2015,2,3893,3893,0,0.00000000,0.71615721,0.71615721
2015,3,3893,3893,0,0.00000000,0.66966350,0.66966350
2015,4,3893,3893,0,0.00000000,0.66375546,0.66375546
2015,5,3893,3893,0,0.00000000,0.70357051,0.70357051
2015,6,3893,3893,0,0.00000000,0.71256101,0.71256101
2015,7,3893,3893,0,0.00000000,0.62162856,0.62162856
2015,8,3893,3893,0,0.00000000,0.54944773,0.54944773
2015,9,3893,3893,0,0.00000000,0.51143077,0.51143077
2016,-1,5198,5198,0,0.00000000,1.25509811,1.25509811
2016,-10,5198,5198,0,0.00000000,0.30203925,0.30203925
2016,-2,5198,5198,0,0.00000000,1.16063871,1.16063871
2016,-3,5198,5198,0,0.00000000,0.98230088,0.98230088
2016,-4,5198,5198,0,0.00000000,0.76510196,0.76510196
2016,-5,5198,5198,0,0.00000000,0.59176606,0.59176606
2016,-6,5198,5198,0,0.00000000,0.52789534,0.52789534
2016,-7,5198,5198,0,0.00000000,0.43555214,0.43555214
2016,-8,5198,5198,0,0.00000000,0.35340516,0.35340516
2016,-9,5198,5198,0,0.00000000,0.32647172,0.32647172
2016,0,5198,5198,0,0.00000000,1.29338207,1.29338207
2016,1,5198,5198,0,0.00000000,1.32878030,1.32878030
2016,10,5198,5198,0,0.00000000,0.15717584,0.15717584
2016,2,5198,5198,0,0.00000000,1.29626780,1.29626780
2016,3,5198,5198,0,0.00000000,1.31011928,1.31011928
2016,4,5198,5198,0,0.00000000,1.50731050,1.50731050
2016,5,5198,5198,0,0.00000000,1.60003848,1.60003848
2016,6,5198,5198,0,0.00000000,1.44844171,1.44844171
2016,7,5198,5198,0,0.00000000,1.32570219,1.32570219
2016,8,5198,5198,0,0.00000000,1.32550981,1.32550981
2016,9,5198,5198,0,0.00000000,0.90150058,0.90150058
2017,-1,3781,3781,0,0.00000000,0.63237239,0.63237239
2017,-10,3781,3781,0,0.00000000,0.08040201,0.08040201
2017,-2,3781,3781,0,0.00000000,0.52393547,0.52393547
2017,-3,3781,3781,0,0.00000000,0.40862206,0.40862206
2017,-4,3781,3781,0,0.00000000,0.30230098,0.30230098
2017,-5,3781,3781,0,0.00000000,0.24914044,0.24914044
2017,-6,3781,3781,0,0.00000000,0.19439302,0.19439302
2017,-7,3781,3781,0,0.00000000,0.14837345,0.14837345
2017,-8,3781,3781,0,0.00000000,0.14519968,0.14519968
2017,-9,3781,3781,0,0.00000000,0.09547739,0.09547739
2017,0,3781,3781,0,0.00000000,0.73393282,0.73393282
2017,1,3781,3781,0,0.00000000,0.77201798,0.77201798
2017,10,3781,3781,0,0.00000000,0.00000000,0.00000000
2017,2,3781,3781,0,0.00000000,0.74477651,0.74477651
2017,3,3781,3781,0,0.00000000,0.86908225,0.86908225
2017,4,3781,3781,0,0.00000000,0.79396985,0.79396985
2017,5,3781,3781,0,0.00000000,0.71277440,0.71277440
2017,6,3781,3781,0,0.00000000,0.63528167,0.63528167
2017,7,3781,3781,0,0.00000000,0.58423697,0.58423697
2017,8,3781,3781,0,0.00000000,0.44168209,0.44168209
2017,9,3781,3781,0,0.00000000,0.06902936,0.06902936
2018,-1,3813,3813,0,0.00000000,0.57539995,0.57539995
2018,-10,3813,3813,0,0.00000000,0.10516654,0.10516654
2018,-2,3813,3813,0,0.00000000,0.44899030,0.44899030
2018,-3,3813,3813,0,0.00000000,0.43430370,0.43430370
2018,-4,3813,3813,0,0.00000000,0.37109887,0.37109887
2018,-5,3813,3813,0,0.00000000,0.29373197,0.29373197
2018,-6,3813,3813,0,0.00000000,0.22161028,0.22161028
2018,-7,3813,3813,0,0.00000000,0.17702596,0.17702596
2018,-8,3813,3813,0,0.00000000,0.14109625,0.14109625
2018,-9,3813,3813,0,0.00000000,0.11513244,0.11513244
2018,0,3813,3813,0,0.00000000,0.68790978,0.68790978
2018,1,3813,3813,0,0.00000000,0.69813795,0.69813795
2018,10,3813,3813,0,0.00000000,0.00000000,0.00000000
2018,2,3813,3813,0,0.00000000,0.83661159,0.83661159
2018,3,3813,3813,0,0.00000000,0.82900603,0.82900603
2018,4,3813,3813,0,0.00000000,0.72462628,0.72462628
2018,5,3813,3813,0,0.00000000,0.70836612,0.70836612
2018,6,3813,3813,0,0.00000000,0.60792027,0.60792027
2018,7,3813,3813,0,0.00000000,0.49619722,0.49619722
2018,8,3813,3813,0,0.00000000,0.07762916,0.07762916
2018,9,3813,3813,0,0.00000000,0.00000000,0.00000000
2019,-1,3743,3743,0,0.00000000,0.73577344,0.73577344
2019,-10,3743,3743,0,0.00000000,0.10392733,0.10392733
2019,-2,3743,3743,0,0.00000000,0.55116217,0.55116217
2019,-3,3743,3743,0,0.00000000,0.47822602,0.47822602
2019,-4,3743,3743,0,0.00000000,0.39647342,0.39647342
2019,-5,3743,3743,0,0.00000000,0.33849853,0.33849853
2019,-6,3743,3743,0,0.00000000,0.28666845,0.28666845
2019,-7,3743,3743,0,0.00000000,0.24392199,0.24392199
2019,-8,3743,3743,0,0.00000000,0.19342773,0.19342773
2019,-9,3743,3743,0,0.00000000,0.14373497,0.14373497
2019,0,3743,3743,0,0.00000000,0.86641731,0.86641731
2019,1,3743,3743,0,0.00000000,1.02377772,1.02377772
2019,10,3743,3743,0,0.00000000,0.00000000,0.00000000
2019,2,3743,3743,0,0.00000000,1.04755544,1.04755544
2019,3,3743,3743,0,0.00000000,0.93828480,0.93828480
2019,4,3743,3743,0,0.00000000,0.89072936,0.89072936
2019,5,3743,3743,0,0.00000000,0.75687951,0.75687951
2019,6,3743,3743,0,0.00000000,0.58963398,0.58963398
2019,7,3743,3743,0,0.00000000,0.09324072,0.09324072
2019,8,3743,3743,0,0.00000000,0.00000000,0.00000000
2019,9,3743,3743,0,0.00000000,0.00000000,0.00000000
2020,-1,5979,5979,0,0.00000000,0.80916541,0.80916541
2020,-10,5979,5979,0,0.00000000,0.13881920,0.13881920
2020,-2,5979,5979,0,0.00000000,0.63739756,0.63739756
2020,-3,5979,5979,0,0.00000000,0.48653621,0.48653621
2020,-4,5979,5979,0,0.00000000,0.40324469,0.40324469
2020,-5,5979,5979,0,0.00000000,0.32731226,0.32731226
2020,-6,5979,5979,0,0.00000000,0.29152032,0.29152032
2020,-7,5979,5979,0,0.00000000,0.23013882,0.23013882
2020,-8,5979,5979,0,0.00000000,0.20990132,0.20990132
2020,-9,5979,5979,0,0.00000000,0.17293862,0.17293862
2020,0,5979,5979,0,0.00000000,1.09299214,1.09299214
2020,1,5979,5979,0,0.00000000,1.17327312,1.17327312
2020,10,5979,5979,0,0.00000000,0.00000000,0.00000000
2020,2,5979,5979,0,0.00000000,1.10536879,1.10536879
2020,3,5979,5979,0,0.00000000,1.08780733,1.08780733
2020,4,5979,5979,0,0.00000000,0.97524670,0.97524670
2020,5,5979,5979,0,0.00000000,0.76902492,0.76902492
2020,6,5979,5979,0,0.00000000,0.12142499,0.12142499
2020,7,5979,5979,0,0.00000000,0.00000000,0.00000000
2020,8,5979,5979,0,0.00000000,0.00000000,0.00000000
2020,9,5979,5979,0,0.00000000,0.00000000,0.00000000
2021,-1,4502,4502,0,0.00000000,1.08685029,1.08685029
2021,-10,4502,4502,0,0.00000000,0.15171035,0.15171035
2021,-2,4502,4502,0,0.00000000,0.74389160,0.74389160
2021,-3,4502,4502,0,0.00000000,0.63549534,0.63549534
2021,-4,4502,4502,0,0.00000000,0.42647712,0.42647712
2021,-5,4502,4502,0,0.00000000,0.32563305,0.32563305
2021,-6,4502,4502,0,0.00000000,0.29298090,0.29298090
2021,-7,4502,4502,0,0.00000000,0.26254998,0.26254998
2021,-8,4502,4502,0,0.00000000,0.21990227,0.21990227
2021,-9,4502,4502,0,0.00000000,0.18636162,0.18636162
2021,0,4502,4502,0,0.00000000,1.44913372,1.44913372
2021,1,4502,4502,0,0.00000000,1.30875167,1.30875167
2021,10,4502,4502,0,0.00000000,0.00000000,0.00000000
2021,2,4502,4502,0,0.00000000,1.23611728,1.23611728
2021,3,4502,4502,0,0.00000000,1.15615282,1.15615282
2021,4,4502,4502,0,0.00000000,0.84517992,0.84517992
2021,5,4502,4502,0,0.00000000,0.13060862,0.13060862
2021,6,4502,4502,0,0.00000000,0.00000000,0.00000000
2021,7,4502,4502,0,0.00000000,0.00000000,0.00000000
2021,8,4502,4502,0,0.00000000,0.00000000,0.00000000
2021,9,4502,4502,0,0.00000000,0.00000000,0.00000000
2022,-1,2966,2966,0,0.00000000,1.06540796,1.06540796
2022,-10,2966,2966,0,0.00000000,0.06304788,0.06304788
2022,-2,2966,2966,0,0.00000000,0.69420094,0.69420094
2022,-3,2966,2966,0,0.00000000,0.46358732,0.46358732
2022,-4,2966,2966,0,0.00000000,0.29602158,0.29602158
2022,-5,2966,2966,0,0.00000000,0.20937289,0.20937289
2022,-6,2966,2966,0,0.00000000,0.14093055,0.14093055
2022,-7,2966,2966,0,0.00000000,0.11294673,0.11294673
2022,-8,2966,2966,0,0.00000000,0.09305462,0.09305462
2022,-9,2966,2966,0,0.00000000,0.07687121,0.07687121
2022,0,2966,2966,0,0.00000000,1.36716116,1.36716116
2022,1,2966,2966,0,0.00000000,1.42919757,1.42919757
2022,10,2966,2966,0,0.00000000,0.00000000,0.00000000
2022,2,2966,2966,0,0.00000000,1.33546864,1.33546864
2022,3,2966,2966,0,0.00000000,1.00640593,1.00640593
2022,4,2966,2966,0,0.00000000,0.17093729,0.17093729
2022,5,2966,2966,0,0.00000000,0.00000000,0.00000000
2022,6,2966,2966,0,0.00000000,0.00000000,0.00000000
2022,7,2966,2966,0,0.00000000,0.00000000,0.00000000
2022,8,2966,2966,0,0.00000000,0.00000000,0.00000000
2022,9,2966,2966,0,0.00000000,0.00000000,0.00000000
2023,-1,1218,1218,0,0.00000000,1.26847291,1.26847291
2023,-10,1218,1218,0,0.00000000,0.11576355,0.11576355
2023,-2,1218,1218,0,0.00000000,0.81034483,0.81034483
2023,-3,1218,1218,0,0.00000000,0.49425287,0.49425287
2023,-4,1218,1218,0,0.00000000,0.32758621,0.32758621
2023,-5,1218,1218,0,0.00000000,0.24302135,0.24302135
2023,-6,1218,1218,0,0.00000000,0.22824302,0.22824302
2023,-7,1218,1218,0,0.00000000,0.22660099,0.22660099
2023,-8,1218,1218,0,0.00000000,0.16091954,0.16091954
2023,-9,1218,1218,0,0.00000000,0.12725780,0.12725780
2023,0,1218,1218,0,0.00000000,1.87931034,1.87931034
2023,1,1218,1218,0,0.00000000,1.68308703,1.68308703
2023,10,1218,1218,0,0.00000000,0.00000000,0.00000000
2023,2,1218,1218,0,0.00000000,1.32676519,1.32676519
2023,3,1218,1218,0,0.00000000,0.22413793,0.22413793
2023,4,1218,1218,0,0.00000000,0.00000000,0.00000000
2023,5,1218,1218,0,0.00000000,0.00000000,0.00000000
2023,6,1218,1218,0,0.00000000,0.00000000,0.00000000
2023,7,1218,1218,0,0.00000000,0.00000000,0.00000000
2023,8,1218,1218,0,0.00000000,0.00000000,0.00000000
2023,9,1218,1218,0,0.00000000,0.00000000,0.00000000
2024,-1,633,633,0,0.00000000,1.32543444,1.32543444
2024,-10,633,633,0,0.00000000,0.15165877,0.15165877
2024,-2,633,633,0,0.00000000,0.94154818,0.94154818
2024,-3,633,633,0,0.00000000,0.78357030,0.78357030
2024,-4,633,633,0,0.00000000,0.45971564,0.45971564
2024,-5,633,633,0,0.00000000,0.25118483,0.25118483
2024,-6,633,633,0,0.00000000,0.22748815,0.22748815
2024,-7,633,633,0,0.00000000,0.15165877,0.15165877
2024,-8,633,633,0,0.00000000,0.18167457,0.18167457
2024,-9,633,633,0,0.00000000,0.14375987,0.14375987
2024,0,633,633,0,0.00000000,1.90205371,1.90205371
2024,1,633,633,0,0.00000000,1.59557662,1.59557662
2024,10,633,633,0,0.00000000,0.00000000,0.00000000
2024,2,633,633,0,0.00000000,0.29067930,0.29067930
2024,3,633,633,0,0.00000000,0.00000000,0.00000000
2024,4,633,633,0,0.00000000,0.00000000,0.00000000
2024,5,633,633,0,0.00000000,0.00000000,0.00000000
2024,6,633,633,0,0.00000000,0.00000000,0.00000000
2024,7,633,633,0,0.00000000,0.00000000,0.00000000
2024,8,633,633,0,0.00000000,0.00000000,0.00000000
2024,9,633,633,0,0.00000000,0.00000000,0.00000000
2025,-1,12,12,0,0.00000000,0.00000000,0.00000000
2025,-10,12,12,0,0.00000000,0.00000000,0.00000000
2025,-2,12,12,0,0.00000000,0.00000000,0.00000000
2025,-3,12,12,0,0.00000000,0.00000000,0.00000000
2025,-4,12,12,0,0.00000000,0.00000000,0.00000000
2025,-5,12,12,0,0.00000000,0.00000000,0.00000000
2025,-6,12,12,0,0.00000000,0.00000000,0.00000000
2025,-7,12,12,0,0.00000000,0.00000000,0.00000000
2025,-8,12,12,0,0.00000000,0.00000000,0.00000000
2025,-9,12,12,0,0.00000000,0.00000000,0.00000000
2025,0,12,12,0,0.00000000,0.00000000,0.00000000
2025,1,12,12,0,0.00000000,0.00000000,0.00000000
2025,10,12,12,0,0.00000000,0.00000000,0.00000000
2025,2,12,12,0,0.00000000,0.00000000,0.00000000
2025,3,12,12,0,0.00000000,0.00000000,0.00000000
2025,4,12,12,0,0.00000000,0.00000000,0.00000000
2025,5,12,12,0,0.00000000,0.00000000,0.00000000
2025,6,12,12,0,0.00000000,0.00000000,0.00000000
2025,7,12,12,0,0.00000000,0.00000000,0.00000000
2025,8,12,12,0,0.00000000,0.00000000,0.00000000
2025,9,12,12,0,0.00000000,0.00000000,0.00000000
